n_scenarios,n_projects,repetition,maxmin_time,minmax_regret_time
5,10,1,0.014323711395263672,0.0535130500793457
5,10,2,0.013200998306274414,0.05562567710876465
5,10,3,0.015233516693115234,0.06645679473876953
5,10,4,0.013046026229858398,0.05388808250427246
5,10,5,0.01280355453491211,0.05253911018371582
5,10,6,0.012769699096679688,0.052907705307006836
5,10,7,0.01299738883972168,0.05373549461364746
5,10,8,0.013111591339111328,0.05292677879333496
