n_scenarios,n_projects,repetition,maxowa_time,minowa_regret_time
5,10,1,0.01797795295715332,0.06162428855895996
5,10,2,0.019675731658935547,0.05840897560119629
5,10,3,0.016939401626586914,0.06054496765136719
5,10,4,0.01910686492919922,0.06641888618469238
5,10,5,0.01966261863708496,0.06352090835571289
5,10,6,0.016127824783325195,0.059029340744018555
