n_scenarios,n_nodes,repetition,maxmin_time,minmax_regret_time,maxowa_time,minowa_regret_time
2,10,1,0.015216588973999023,0.04009294509887695,0.016663312911987305,0.04427313804626465
2,10,2,0.015556812286376953,0.04162335395812988,0.018064022064208984,0.047556400299072266
2,10,3,0.019312143325805664,0.04099297523498535,0.017110109329223633,0.0451807975769043
2,10,4,0.017615079879760742,0.04326367378234863,0.014215230941772461,0.04142045974731445
2,10,5,0.015722274780273438,0.041796207427978516,0.017560243606567383,0.04943537712097168
2,10,6,0.017526626586914062,0.043231964111328125,0.01794743537902832,0.04459643363952637
2,10,7,0.01390385627746582,0.04037213325500488,0.014406919479370117,0.04171633720397949
2,10,8,0.015964984893798828,0.04297304153442383,0.018437862396240234,0.04710578918457031
